"treefilename","strength","bias","birth","death"
"tree0.tre",-1.45669037743937,"FP",2,1
"tree1.tre",-1.02789891685825,"FP",2,1
"tree2.tre",0.821643551113084,"FP",2,1
"tree3.tre",-1.00051523337606,"FP",2,1
"tree4.tre",-0.0238323727389798,"FP",2,1
"tree5.tre",0.103760358993895,"FP",2,1
"tree6.tre",-0.316942620906048,"FP",2,1
"tree7.tre",0.979140758514404,"FP",2,1
"tree8.tre",0.129167568171397,"FP",2,1
"tree9.tre",-0.0260911897057667,"FP",2,1
"tree10.tre",-1.44851043913513,"FP",2,1
"tree11.tre",0.964111350127496,"FP",2,1
"tree12.tre",0.658943334943615,"FP",2,1
"tree13.tre",-1.45801274315454,"FP",2,1
"tree14.tre",0.382194054196589,"FP",2,1
"tree15.tre",-1.31146704114508,"FP",2,1
"tree16.tre",-1.48526641866192,"FP",2,1
"tree17.tre",-0.538232289603911,"FP",2,1
"tree18.tre",-0.272460545878857,"FP",2,1
"tree19.tre",0.591618868289515,"FP",2,1
"tree20.tre",-0.482956287218258,"FP",2,1
"tree21.tre",-0.427074317471124,"FP",2,1
"tree22.tre",-0.189446927164681,"FP",2,1
"tree23.tre",0.289998178137466,"FP",2,1
"tree24.tre",-0.010932574281469,"FP",2,1
"tree25.tre",-0.782650130335242,"FP",2,1
"tree26.tre",-0.752240288769826,"FP",2,1
"tree27.tre",-1.00650289480109,"FP",2,1
"tree28.tre",-1.12491327198222,"FP",2,1
"tree29.tre",-1.34164711087942,"FP",2,1
"tree30.tre",0.649771726108156,"FP",2,1
"tree31.tre",-0.631337316939607,"FP",2,1
"tree32.tre",-0.085753659135662,"FP",2,1
"tree33.tre",-1.39806997356936,"FP",2,1
"tree34.tre",-1.47792336216662,"FP",2,1
"tree35.tre",-0.70637778530363,"FP",2,1
"tree36.tre",0.366880045854487,"FP",2,1
"tree37.tre",-0.111651819664985,"FP",2,1
"tree38.tre",-0.988981938338839,"FP",2,1
"tree39.tre",-0.445228719385341,"FP",2,1
"tree40.tre",0.047680739313364,"FP",2,1
"tree41.tre",-1.35914542165119,"FP",2,1
"tree42.tre",0.615706338663585,"FP",2,1
"tree43.tre",0.191908225184307,"FP",2,1
"tree44.tre",-1.08198776177596,"FP",2,1
"tree45.tre",-0.512544141733088,"FP",2,1
"tree46.tre",-1.31289010611363,"FP",2,1
"tree47.tre",-0.249500325648114,"FP",2,1
"tree48.tre",0.397700199624524,"FP",2,1
"tree49.tre",0.824084996362217,"FP",2,1
"tree50.tre",-0.814118921756744,"FP",2,1
"tree51.tre",0.320803129230626,"FP",2,1
"tree52.tre",0.977164032752626,"FP",2,1
"tree53.tre",0.898606567294337,"FP",2,1
"tree54.tre",-1.04699283582158,"FP",2,1
"tree55.tre",0.522839560522698,"FP",2,1
"tree56.tre",-1.21418845409062,"FP",2,1
"tree57.tre",-0.0273429949302226,"FP",2,1
"tree58.tre",-0.836620206595398,"FP",2,1
"tree59.tre",-0.261292332783341,"FP",2,1
"tree60.tre",-1.38015995186288,"FP",2,1
"tree61.tre",0.354600320803002,"FP",2,1
"tree62.tre",-0.326007926254533,"FP",2,1
"tree63.tre",-0.838932683458552,"FP",2,1
"tree64.tre",0.527397116180509,"FP",2,1
"tree65.tre",-0.404100527870469,"FP",2,1
"tree66.tre",-0.0374330589547753,"FP",2,1
"tree67.tre",0.302527680411004,"FP",2,1
"tree68.tre",0.803869056631811,"FP",2,1
"tree69.tre",-0.261341153876856,"FP",2,1
"tree70.tre",-1.06436216773,"FP",2,1
"tree71.tre",-1.45584455144126,"FP",2,1
"tree72.tre",-0.931286950130016,"FP",2,1
"tree73.tre",-0.582432193681598,"FP",2,1
"tree74.tre",-1.49439525709022,"FP",2,1
"tree75.tre",0.353453527437523,"FP",2,1
"tree76.tre",-0.256306044524536,"FP",2,1
"tree77.tre",-0.868202925543301,"FP",2,1
"tree78.tre",0.678935313713737,"FP",2,1
"tree79.tre",-0.789137974265032,"FP",2,1
"tree80.tre",-0.266927943797782,"FP",2,1
"tree81.tre",-0.449411305366084,"FP",2,1
"tree82.tre",-0.707089664996602,"FP",2,1
"tree83.tre",-0.718906750902534,"FP",2,1
"tree84.tre",-1.36316486727446,"FP",2,1
"tree85.tre",-0.343759711598977,"FP",2,1
"tree86.tre",-0.352253093500622,"FP",2,1
"tree87.tre",-0.0822583717526868,"FP",2,1
"tree88.tre",-1.37432469904888,"FP",2,1
"tree89.tre",-0.645215413300321,"FP",2,1
"tree90.tre",0.897664042655379,"FP",2,1
"tree91.tre",-0.105526809114963,"FP",2,1
"tree92.tre",0.553384441533126,"FP",2,1
"tree93.tre",-0.876869469997473,"FP",2,1
"tree94.tre",-1.32122435583733,"FP",2,1
"tree95.tre",0.6140569425188,"FP",2,1
"tree96.tre",-1.01094302407,"FP",2,1
"tree97.tre",0.620591205894016,"FP",2,1
"tree98.tre",-0.889290593680926,"FP",2,1
"tree99.tre",0.732034776825458,"FP",2,1
"tree100.tre",0.200518449069932,"FP",2,1
"tree101.tre",-0.846920754760504,"FP",2,1
"tree102.tre",-0.672998558497056,"FP",2,1
"tree103.tre",-1.29796485509723,"FP",2,1
"tree104.tre",0.359463520813733,"FP",2,1
"tree105.tre",-1.36132376361638,"FP",2,1
"tree106.tre",-0.619661542936228,"FP",2,1
"tree107.tre",-1.34460993611719,"FP",2,1
"tree108.tre",-1.12929145840462,"FP",2,1
"tree109.tre",-0.375667730462737,"FP",2,1
"tree110.tre",-0.609460573527031,"FP",2,1
"tree111.tre",-0.0888338461518288,"FP",2,1
"tree112.tre",-1.2905008494854,"FP",2,1
"tree113.tre",0.385573753970675,"FP",2,1
"tree114.tre",-0.139335912303068,"FP",2,1
"tree115.tre",0.1778563457774,"FP",2,1
"tree116.tre",0.248691268730909,"FP",2,1
"tree117.tre",0.585354594746605,"FP",2,1
"tree118.tre",-1.30204257415608,"FP",2,1
"tree119.tre",-1.02813072246499,"FP",2,1
"tree120.tre",-0.888338343123905,"FP",2,1
"tree121.tre",-1.34669200028293,"FP",2,1
"tree122.tre",0.466784895630553,"FP",2,1
"tree123.tre",-0.188996021519415,"FP",2,1
"tree124.tre",0.141043610288762,"FP",2,1
"tree125.tre",0.432851201854646,"FP",2,1
"tree126.tre",-0.759831558447331,"FP",2,1
"tree127.tre",0.0778347902232781,"FP",2,1
"tree128.tre",0.447131763445213,"FP",2,1
"tree129.tre",-0.798017954570241,"FP",2,1
"tree130.tre",-0.0521809215424582,"FP",2,1
"tree131.tre",0.38002300739754,"FP",2,1
"tree132.tre",0.160749856382608,"FP",2,1
"tree133.tre",-1.05005031253677,"FP",2,1
"tree134.tre",0.0274104388663545,"FP",2,1
"tree135.tre",0.821639401488937,"FP",2,1
"tree136.tre",-1.18124672421254,"FP",2,1
"tree137.tre",-0.0841823474038392,"FP",2,1
"tree138.tre",-0.0518667084397748,"FP",2,1
"tree139.tre",-0.953987239394337,"FP",2,1
"tree140.tre",-0.58303895033896,"FP",2,1
"tree141.tre",-0.897481437772512,"FP",2,1
"tree142.tre",-0.814987089019269,"FP",2,1
"tree143.tre",-1.14455178007483,"FP",2,1
"tree144.tre",-1.20490026986226,"FP",2,1
"tree145.tre",-0.423161327256821,"FP",2,1
"tree146.tre",0.484454882331192,"FP",2,1
"tree147.tre",-0.522441796259955,"FP",2,1
"tree148.tre",-0.740736395004205,"FP",2,1
"tree149.tre",-1.43888110737316,"FP",2,1
"tree150.tre",0.689101599506103,"FP",2,1
"tree151.tre",-0.564242919557728,"FP",2,1
"tree152.tre",0.778522501583211,"FP",2,1
"tree153.tre",0.728589875157923,"FP",2,1
"tree154.tre",0.983219035202637,"FP",2,1
"tree155.tre",-1.08970073086675,"FP",2,1
"tree156.tre",-0.44467779493425,"FP",2,1
"tree157.tre",-1.26511592278257,"FP",2,1
"tree158.tre",0.398284164490178,"FP",2,1
"tree159.tre",0.0224377199774608,"FP",2,1
"tree160.tre",0.107447902788408,"FP",2,1
"tree161.tre",0.292565768118948,"FP",2,1
"tree162.tre",0.130315143847838,"FP",2,1
"tree163.tre",0.771266625029966,"FP",2,1
"tree164.tre",0.510827289777808,"FP",2,1
"tree165.tre",-0.472543691634201,"FP",2,1
"tree166.tre",-1.03249424987007,"FP",2,1
"tree167.tre",-0.206526812748052,"FP",2,1
"tree168.tre",0.720064896973781,"FP",2,1
"tree169.tre",0.0749625628814101,"FP",2,1
"tree170.tre",0.974881241796538,"FP",2,1
"tree171.tre",-0.169903269619681,"FP",2,1
"tree172.tre",-0.976649388088845,"FP",2,1
"tree173.tre",0.204054472502321,"FP",2,1
"tree174.tre",-0.330970744020306,"FP",2,1
"tree175.tre",-0.14823239215184,"FP",2,1
"tree176.tre",-0.73057061736472,"FP",2,1
"tree177.tre",0.807121175690554,"FP",2,1
"tree178.tre",-0.350278218160383,"FP",2,1
"tree179.tre",-0.65007725241594,"FP",2,1
"tree180.tre",-0.588464239612222,"FP",2,1
"tree181.tre",-0.0197613865602762,"FP",2,1
"tree182.tre",-1.11656098021194,"FP",2,1
"tree183.tre",0.152501001954079,"FP",2,1
"tree184.tre",-1.34172374999616,"FP",2,1
"tree185.tre",-1.08051866793539,"FP",2,1
"tree186.tre",-0.582871275022626,"FP",2,1
"tree187.tre",-0.809678847785108,"FP",2,1
"tree188.tre",-0.118236145121045,"FP",2,1
"tree189.tre",0.245384047972038,"FP",2,1
"tree190.tre",-0.304474418866448,"FP",2,1
"tree191.tre",0.305271762423217,"FP",2,1
"tree192.tre",0.00960390164982527,"FP",2,1
"tree193.tre",-1.22120965248905,"FP",2,1
"tree194.tre",-1.43543212476652,"FP",2,1
"tree195.tre",-1.31369875953533,"FP",2,1
"tree196.tre",0.980609428603202,"FP",2,1
"tree197.tre",-0.153660439304076,"FP",2,1
"tree198.tre",-1.3860095551936,"FP",2,1
"tree199.tre",-0.110140107921325,"FP",2,1
"tree200.tre",0.210216312785633,"FP",2,1
"tree201.tre",-1.05569610348903,"FP",2,1
"tree202.tre",0.239951839554124,"FP",2,1
"tree203.tre",-1.11866598052438,"FP",2,1
"tree204.tre",0.163339285296388,"FP",2,1
"tree205.tre",0.599213724141009,"FP",2,1
"tree206.tre",-0.263718343689106,"FP",2,1
"tree207.tre",-1.48646778811235,"FP",2,1
"tree208.tre",0.893609690479934,"FP",2,1
"tree209.tre",-0.803555277292617,"FP",2,1
"tree210.tre",0.654299218673259,"FP",2,1
"tree211.tre",0.459694113465957,"FP",2,1
"tree212.tre",-0.481056857737713,"FP",2,1
"tree213.tre",0.611913877888583,"FP",2,1
"tree214.tre",0.324524629046209,"FP",2,1
"tree215.tre",0.616314836894162,"FP",2,1
"tree216.tre",0.920869673951529,"FP",2,1
"tree217.tre",0.174248784547672,"FP",2,1
"tree218.tre",-1.25011428061407,"FP",2,1
"tree219.tre",-0.134533872245811,"FP",2,1
"tree220.tre",-0.520632046158426,"FP",2,1
"tree221.tre",-0.0288676293566823,"FP",2,1
"tree222.tre",-1.15461605461314,"FP",2,1
"tree223.tre",0.283229210996069,"FP",2,1
"tree224.tre",0.00147137639578432,"FP",2,1
"tree225.tre",-0.677325938362628,"FP",2,1
"tree226.tre",0.431352107785642,"FP",2,1
"tree227.tre",-0.719013371621259,"FP",2,1
"tree228.tre",-0.367725488380529,"FP",2,1
"tree229.tre",-1.36886396713089,"FP",2,1
"tree230.tre",-0.692090770811774,"FP",2,1
"tree231.tre",-0.913073713076301,"FP",2,1
"tree232.tre",0.841975072631612,"FP",2,1
"tree233.tre",-0.970088179223239,"FP",2,1
"tree234.tre",-0.221752364072017,"FP",2,1
"tree235.tre",-1.24250391882379,"FP",2,1
"tree236.tre",-1.35395633149892,"FP",2,1
"tree237.tre",-1.19610862899572,"FP",2,1
"tree238.tre",-1.09854476444889,"FP",2,1
"tree239.tre",-0.667120602214709,"FP",2,1
"tree240.tre",-0.533404609072022,"FP",2,1
"tree241.tre",0.916020422824658,"FP",2,1
"tree242.tre",-0.576833263970912,"FP",2,1
"tree243.tre",-1.39432370988652,"FP",2,1
"tree244.tre",-0.117394850589335,"FP",2,1
"tree245.tre",0.234167786198668,"FP",2,1
"tree246.tre",0.415192229789682,"FP",2,1
"tree247.tre",-0.140171628794633,"FP",2,1
"tree248.tre",-0.90644011949189,"FP",2,1
"tree249.tre",-0.599654799792916,"FP",2,1
"tree250.tre",-1.08099667390343,"FP",2,1
"tree251.tre",-0.519983165781014,"FP",2,1
"tree252.tre",-0.921645861584693,"FP",2,1
"tree253.tre",0.700621309457347,"FP",2,1
"tree254.tre",0.724684603861533,"FP",2,1
"tree255.tre",-0.416943634394556,"FP",2,1
"tree256.tre",0.14187240996398,"FP",2,1
"tree257.tre",0.307473714579828,"FP",2,1
"tree258.tre",0.842809984693304,"FP",2,1
"tree259.tre",-1.04786561371293,"FP",2,1
"tree260.tre",-0.429021078511141,"FP",2,1
"tree261.tre",0.774238896789029,"FP",2,1
"tree262.tre",-0.275093026342802,"FP",2,1
"tree263.tre",0.763837486389093,"FP",2,1
"tree264.tre",-0.283663675421849,"FP",2,1
"tree265.tre",-0.707211659522727,"FP",2,1
"tree266.tre",0.267349633155391,"FP",2,1
"tree267.tre",-0.290175894391723,"FP",2,1
"tree268.tre",0.384236690239049,"FP",2,1
"tree269.tre",-0.188642023480497,"FP",2,1
"tree270.tre",-1.04662814736366,"FP",2,1
"tree271.tre",0.18871519039385,"FP",2,1
"tree272.tre",-0.531434156931937,"FP",2,1
"tree273.tre",-1.45999729901087,"FP",2,1
"tree274.tre",-1.18251771468204,"FP",2,1
"tree275.tre",0.492211516480893,"FP",2,1
"tree276.tre",-0.7548497102689,"FP",2,1
"tree277.tre",0.919847257551737,"FP",2,1
"tree278.tre",0.741411657887511,"FP",2,1
"tree279.tre",-0.810443358845077,"FP",2,1
"tree280.tre",0.0764701255830005,"FP",2,1
"tree281.tre",-1.23426824552007,"FP",2,1
"tree282.tre",0.222113409196027,"FP",2,1
"tree283.tre",-0.386347612715326,"FP",2,1
"tree284.tre",-0.922403260832652,"FP",2,1
"tree285.tre",0.28714415000286,"FP",2,1
"tree286.tre",0.139243355020881,"FP",2,1
"tree287.tre",-1.2842572175432,"FP",2,1
"tree288.tre",-1.28442402149085,"FP",2,1
"tree289.tre",-1.31850925832987,"FP",2,1
"tree290.tre",-0.985384653089568,"FP",2,1
"tree291.tre",0.622648147051223,"FP",2,1
"tree292.tre",-1.03523481439333,"FP",2,1
"tree293.tre",0.0964148449711502,"FP",2,1
"tree294.tre",-1.42284850100987,"FP",2,1
"tree295.tre",0.173385761678219,"FP",2,1
"tree296.tre",-0.51669088343624,"FP",2,1
"tree297.tre",-0.720445357495919,"FP",2,1
"tree298.tre",-0.550970160169527,"FP",2,1
"tree299.tre",-0.594341329764575,"FP",2,1
"tree300.tre",-0.0943605430657044,"FP",2,1
"tree301.tre",0.743293164647184,"FP",2,1
"tree302.tre",-1.36346461169887,"FP",2,1
"tree303.tre",-0.588594968197867,"FP",2,1
"tree304.tre",-0.93205734831281,"FP",2,1
"tree305.tre",0.119219558197074,"FP",2,1
"tree306.tre",-0.00640128075610846,"FP",2,1
"tree307.tre",0.426228561205789,"FP",2,1
"tree308.tre",0.0854035667143762,"FP",2,1
"tree309.tre",-0.222946844645776,"FP",2,1
"tree310.tre",0.248221195302904,"FP",2,1
"tree311.tre",-0.324911269475706,"FP",2,1
"tree312.tre",-1.03053291712422,"FP",2,1
"tree313.tre",-0.254828335368074,"FP",2,1
"tree314.tre",-0.345522802439518,"FP",2,1
"tree315.tre",0.416475457837805,"FP",2,1
"tree316.tre",0.534971640678123,"FP",2,1
"tree317.tre",-0.839663418359123,"FP",2,1
"tree318.tre",0.140797964646481,"FP",2,1
"tree319.tre",-0.333044208004139,"FP",2,1
"tree320.tre",-0.386056655319408,"FP",2,1
"tree321.tre",0.777650621836074,"FP",2,1
"tree322.tre",-0.401282027945854,"FP",2,1
"tree323.tre",-0.00665080070029944,"FP",2,1
"tree324.tre",-0.494447396253236,"FP",2,1
"tree325.tre",-0.593462112359703,"FP",2,1
"tree326.tre",-0.370386046473868,"FP",2,1
"tree327.tre",0.618019146728329,"FP",2,1
"tree328.tre",-0.534015844808891,"FP",2,1
"tree329.tre",0.596775867976248,"FP",2,1
"tree330.tre",-0.714176540845074,"FP",2,1
"tree331.tre",-0.155824226443656,"FP",2,1
"tree332.tre",-0.337340183090419,"FP",2,1
"tree333.tre",0.777056019520387,"FP",2,1
"tree334.tre",0.0845823468407616,"FP",2,1
"tree335.tre",-1.07158933160827,"FP",2,1
"tree336.tre",-0.665231887018308,"FP",2,1
"tree337.tre",-0.635057272505946,"FP",2,1
"tree338.tre",-1.33938821242191,"FP",2,1
"tree339.tre",0.0406163688749075,"FP",2,1
"tree340.tre",0.355682739987969,"FP",2,1
"tree341.tre",-0.187618769472465,"FP",2,1
"tree342.tre",0.285034363856539,"FP",2,1
"tree343.tre",-0.811608636053279,"FP",2,1
"tree344.tre",-0.664268432650715,"FP",2,1
"tree345.tre",-1.22059402731247,"FP",2,1
"tree346.tre",0.059973624534905,"FP",2,1
"tree347.tre",-1.4617683282122,"FP",2,1
"tree348.tre",-0.368833897868171,"FP",2,1
"tree349.tre",-1.08728126774076,"FP",2,1
"tree350.tre",-0.633574743755162,"FP",2,1
"tree351.tre",-0.769175304798409,"FP",2,1
"tree352.tre",0.109137947089039,"FP",2,1
"tree353.tre",-0.462019562022761,"FP",2,1
"tree354.tre",-0.222154731513001,"FP",2,1
"tree355.tre",-0.788402337697335,"FP",2,1
"tree356.tre",-1.31957849930041,"FP",2,1
"tree357.tre",-1.25478146167006,"FP",2,1
"tree358.tre",-1.42263530089986,"FP",2,1
"tree359.tre",-1.0611504628323,"FP",2,1
"tree360.tre",-0.684091931674629,"FP",2,1
"tree361.tre",-0.971442377544008,"FP",2,1
"tree362.tre",0.726176097756252,"FP",2,1
"tree363.tre",-0.505866583902389,"FP",2,1
"tree364.tre",0.245004458935,"FP",2,1
"tree365.tre",0.929188378737308,"FP",2,1
"tree366.tre",-0.689711898216046,"FP",2,1
"tree367.tre",-0.357681677909568,"FP",2,1
"tree368.tre",0.666039173607714,"FP",2,1
"tree369.tre",-0.600806468049996,"FP",2,1
"tree370.tre",-0.234646437224001,"FP",2,1
"tree371.tre",-0.533648128970526,"FP",2,1
"tree372.tre",-0.17157724336721,"FP",2,1
"tree373.tre",0.787336686858907,"FP",2,1
"tree374.tre",-0.816977758426219,"FP",2,1
"tree375.tre",0.998242200235836,"FP",2,1
"tree376.tre",-1.01267012045719,"FP",2,1
"tree377.tre",0.166640783660114,"FP",2,1
"tree378.tre",0.665470049367286,"FP",2,1
"tree379.tre",-0.832610620767809,"FP",2,1
"tree380.tre",-0.624099870095961,"FP",2,1
"tree381.tre",0.753798002493568,"FP",2,1
"tree382.tre",-0.670498348539695,"FP",2,1
"tree383.tre",0.222354254452512,"FP",2,1
"tree384.tre",-0.32814540702384,"FP",2,1
"tree385.tre",-0.311187953688204,"FP",2,1
"tree386.tre",-1.12017928133719,"FP",2,1
"tree387.tre",-0.587715503992513,"FP",2,1
"tree388.tre",-0.811505677178502,"FP",2,1
"tree389.tre",-0.432862864458002,"FP",2,1
"tree390.tre",0.614153688889928,"FP",2,1
"tree391.tre",0.353819709504023,"FP",2,1
"tree392.tre",-0.631621203850955,"FP",2,1
"tree393.tre",0.509130607475527,"FP",2,1
"tree394.tre",-0.844923021271825,"FP",2,1
"tree395.tre",-0.412468658527359,"FP",2,1
"tree396.tre",-0.058121868991293,"FP",2,1
"tree397.tre",0.290840003523044,"FP",2,1
"tree398.tre",0.65164112392813,"FP",2,1
"tree399.tre",-0.138070212327875,"FP",2,1
"tree400.tre",0.380199901061133,"FP",2,1
"tree401.tre",0.581853487179615,"FP",2,1
"tree402.tre",0.504216069472022,"FP",2,1
"tree403.tre",0.44987055612728,"FP",2,1
"tree404.tre",-1.0265205425676,"FP",2,1
"tree405.tre",0.285757428733632,"FP",2,1
"tree406.tre",-0.843842467060313,"FP",2,1
"tree407.tre",0.863387335208245,"FP",2,1
"tree408.tre",-0.507261279621162,"FP",2,1
"tree409.tre",-1.01873893791344,"FP",2,1
"tree410.tre",-0.273661334998906,"FP",2,1
"tree411.tre",0.756762328906916,"FP",2,1
"tree412.tre",0.613661098410375,"FP",2,1
"tree413.tre",0.973111050203443,"FP",2,1
"tree414.tre",-1.20253552892245,"FP",2,1
"tree415.tre",0.110490229795687,"FP",2,1
"tree416.tre",-1.28985009423923,"FP",2,1
"tree417.tre",-1.41185558785219,"FP",2,1
"tree418.tre",0.835112296277657,"FP",2,1
"tree419.tre",-1.09391629265156,"FP",2,1
"tree420.tre",-1.31630004302133,"FP",2,1
"tree421.tre",0.351161250378937,"FP",2,1
"tree422.tre",-1.15753253432922,"FP",2,1
"tree423.tre",0.541133611928672,"FP",2,1
"tree424.tre",-0.984199492726475,"FP",2,1
"tree425.tre",-1.01281213841867,"FP",2,1
"tree426.tre",-0.00194497790653259,"FP",2,1
"tree427.tre",-0.820235720952041,"FP",2,1
"tree428.tre",-1.28571784507949,"FP",2,1
"tree429.tre",0.480812925612554,"FP",2,1
"tree430.tre",0.755929415114224,"FP",2,1
"tree431.tre",-1.17832737136632,"FP",2,1
"tree432.tre",0.242057848605327,"FP",2,1
"tree433.tre",-0.204957019072026,"FP",2,1
"tree434.tre",-0.778976536588743,"FP",2,1
"tree435.tre",-1.43233586719725,"FP",2,1
"tree436.tre",0.49727428262122,"FP",2,1
"tree437.tre",0.387046236079186,"FP",2,1
"tree438.tre",0.677429168950766,"FP",2,1
"tree439.tre",0.528059644508176,"FP",2,1
"tree440.tre",0.841275027720258,"FP",2,1
"tree441.tre",0.0259218768915161,"FP",2,1
"tree442.tre",-0.973126053926535,"FP",2,1
"tree443.tre",0.750184078584425,"FP",2,1
"tree444.tre",0.565969472168945,"FP",2,1
"tree445.tre",-1.19605566293467,"FP",2,1
"tree446.tre",-1.07164097286295,"FP",2,1
"tree447.tre",0.617994597065262,"FP",2,1
"tree448.tre",0.27067841112148,"FP",2,1
"tree449.tre",-1.22594085207675,"FP",2,1
"tree450.tre",-0.461017954279669,"FP",2,1
"tree451.tre",0.0631056379061192,"FP",2,1
"tree452.tre",-0.88111323339399,"FP",2,1
"tree453.tre",0.717981815920211,"FP",2,1
"tree454.tre",-1.37065218912903,"FP",2,1
"tree455.tre",0.52893694571685,"FP",2,1
"tree456.tre",-1.01420394296292,"FP",2,1
"tree457.tre",0.823279254487716,"FP",2,1
"tree458.tre",0.274571044370532,"FP",2,1
"tree459.tre",0.79030696908012,"FP",2,1
"tree460.tre",-0.173995340359397,"FP",2,1
"tree461.tre",0.879106815787964,"FP",2,1
"tree462.tre",-0.445483764982782,"FP",2,1
"tree463.tre",-1.30229911627248,"FP",2,1
"tree464.tre",-0.797700540046208,"FP",2,1
"tree465.tre",-0.0237402992788702,"FP",2,1
"tree466.tre",-0.891723758890294,"FP",2,1
"tree467.tre",0.53570015670266,"FP",2,1
"tree468.tre",0.60872421215754,"FP",2,1
"tree469.tre",0.742165899951942,"FP",2,1
"tree470.tre",-0.0902023140806705,"FP",2,1
"tree471.tre",-0.816184723866172,"FP",2,1
"tree472.tre",0.410627668839879,"FP",2,1
"tree473.tre",-1.25066547573078,"FP",2,1
"tree474.tre",0.468202210846357,"FP",2,1
"tree475.tre",-0.32943257514853,"FP",2,1
"tree476.tre",0.530932813067921,"FP",2,1
"tree477.tre",0.566437175963074,"FP",2,1
"tree478.tre",0.388304982567206,"FP",2,1
"tree479.tre",-0.95238942396827,"FP",2,1
"tree480.tre",0.436274669715203,"FP",2,1
"tree481.tre",0.975917976116762,"FP",2,1
"tree482.tre",0.892329061403871,"FP",2,1
"tree483.tre",-0.493683625594713,"FP",2,1
"tree484.tre",-0.401513032033108,"FP",2,1
"tree485.tre",-1.27998532704078,"FP",2,1
"tree486.tre",0.437124864780344,"FP",2,1
"tree487.tre",0.0516909025609493,"FP",2,1
"tree488.tre",0.173292650957592,"FP",2,1
"tree489.tre",0.497093048994429,"FP",2,1
"tree490.tre",-0.393933009239845,"FP",2,1
"tree491.tre",-1.16997954470571,"FP",2,1
"tree492.tre",-1.00048628204968,"FP",2,1
"tree493.tre",-0.121211357531138,"FP",2,1
"tree494.tre",0.16876379516907,"FP",2,1
"tree495.tre",-0.776262235362083,"FP",2,1
"tree496.tre",-0.0183308646082878,"FP",2,1
"tree497.tre",-0.62684052134864,"FP",2,1
"tree498.tre",-1.47632716782391,"FP",2,1
"tree499.tre",-0.259940933668986,"FP",2,1
"tree500.tre",-1.05755966657307,"FP",2,1
"tree501.tre",0.763897024677135,"FP",2,1
"tree502.tre",-0.321547466795892,"FP",2,1
"tree503.tre",0.708512582001276,"FP",2,1
"tree504.tre",0.387713267933577,"FP",2,1
"tree505.tre",-1.25455698207952,"FP",2,1
"tree506.tre",0.543281068326905,"FP",2,1
"tree507.tre",0.273009030730464,"FP",2,1
"tree508.tre",-0.991783035336994,"FP",2,1
"tree509.tre",0.430141362827271,"FP",2,1
"tree510.tre",-0.367615499184467,"FP",2,1
"tree511.tre",0.379949931753799,"FP",2,1
"tree512.tre",0.325896024238318,"FP",2,1
"tree513.tre",-0.987867102725431,"FP",2,1
"tree514.tre",-1.16000005428214,"FP",2,1
"tree515.tre",-1.24512679502368,"FP",2,1
"tree516.tre",0.36652013042476,"FP",2,1
"tree517.tre",-1.1001010062173,"FP",2,1
"tree518.tre",-0.102023754501715,"FP",2,1
"tree519.tre",-1.07648445037194,"FP",2,1
"tree520.tre",-0.515803839429282,"FP",2,1
"tree521.tre",-0.723577578668483,"FP",2,1
"tree522.tre",0.35652278654743,"FP",2,1
"tree523.tre",-0.341338698402978,"FP",2,1
"tree524.tre",-0.269276370876469,"FP",2,1
"tree525.tre",0.930870023672469,"FP",2,1
"tree526.tre",-0.532329194596969,"FP",2,1
"tree527.tre",0.252239864435978,"FP",2,1
"tree528.tre",-0.291800233884715,"FP",2,1
"tree529.tre",-1.05663373577408,"FP",2,1
"tree530.tre",0.208610279601999,"FP",2,1
"tree531.tre",0.733109280932695,"FP",2,1
"tree532.tre",-1.45975689496845,"FP",2,1
"tree533.tre",0.741645762114786,"FP",2,1
"tree534.tre",0.990627189399675,"FP",2,1
"tree535.tre",-0.834885474527255,"FP",2,1
"tree536.tre",0.97593373816926,"FP",2,1
"tree537.tre",0.0222037449711934,"FP",2,1
"tree538.tre",-1.37007217016071,"FP",2,1
"tree539.tre",-0.493163120467216,"FP",2,1
"tree540.tre",0.980846765683964,"FP",2,1
"tree541.tre",-0.945847634924576,"FP",2,1
"tree542.tre",0.706984906806611,"FP",2,1
"tree543.tre",-0.286028101458214,"FP",2,1
"tree544.tre",-1.31648555258289,"FP",2,1
"tree545.tre",-0.455750643508509,"FP",2,1
"tree546.tre",-1.20765495672822,"FP",2,1
"tree547.tre",-0.105671084369533,"FP",2,1
"tree548.tre",0.288910470204428,"FP",2,1
"tree549.tre",0.537094198167324,"FP",2,1
"tree550.tre",0.778992388746701,"FP",2,1
"tree551.tre",-0.53151095379144,"FP",2,1
"tree552.tre",-1.14816174411681,"FP",2,1
"tree553.tre",0.651603161473759,"FP",2,1
"tree554.tre",0.625270863762125,"FP",2,1
"tree555.tre",-0.0793772665783763,"FP",2,1
"tree556.tre",0.671731176204048,"FP",2,1
"tree557.tre",-1.14483189629391,"FP",2,1
"tree558.tre",-0.408660950837657,"FP",2,1
"tree559.tre",-0.598473178455606,"FP",2,1
"tree560.tre",-0.22528096428141,"FP",2,1
"tree561.tre",0.767158356262371,"FP",2,1
"tree562.tre",-0.0931172245182097,"FP",2,1
"tree563.tre",0.0350613219197839,"FP",2,1
"tree564.tre",0.28224197588861,"FP",2,1
"tree565.tre",0.870170888025314,"FP",2,1
"tree566.tre",0.523668219917454,"FP",2,1
"tree567.tre",0.929642181959935,"FP",2,1
"tree568.tre",0.989551281323656,"FP",2,1
"tree569.tre",-1.10010513430461,"FP",2,1
"tree570.tre",0.449411742389202,"FP",2,1
"tree571.tre",-1.28392199322116,"FP",2,1
"tree572.tre",-0.142943277372979,"FP",2,1
"tree573.tre",-0.573036832269281,"FP",2,1
"tree574.tre",-0.918424148461781,"FP",2,1
"tree575.tre",-0.675810245214961,"FP",2,1
"tree576.tre",0.0482216177042574,"FP",2,1
"tree577.tre",-0.494667073711753,"FP",2,1
"tree578.tre",0.414065690361895,"FP",2,1
"tree579.tre",0.563911599689163,"FP",2,1
"tree580.tre",-0.776038721436635,"FP",2,1
"tree581.tre",-0.728159111808054,"FP",2,1
"tree582.tre",-0.0412726103095338,"FP",2,1
"tree583.tre",0.574614298180677,"FP",2,1
"tree584.tre",-0.850779919768684,"FP",2,1
"tree585.tre",0.298226375249214,"FP",2,1
"tree586.tre",-0.989205435966142,"FP",2,1
"tree587.tre",-1.09348125848919,"FP",2,1
"tree588.tre",-0.30769997718744,"FP",2,1
"tree589.tre",-0.810129907098599,"FP",2,1
"tree590.tre",-1.03065023815725,"FP",2,1
"tree591.tre",-1.36495627381373,"FP",2,1
"tree592.tre",-0.575457891449332,"FP",2,1
"tree593.tre",0.701418259064667,"FP",2,1
"tree594.tre",0.327568857115693,"FP",2,1
"tree595.tre",-0.81463869928848,"FP",2,1
"tree596.tre",-1.46152239909861,"FP",2,1
"tree597.tre",-1.25199821405113,"FP",2,1
"tree598.tre",-0.00422962277662009,"FP",2,1
"tree599.tre",-0.0532210738165304,"FP",2,1
"tree600.tre",-1.3177184961969,"FP",2,1
"tree601.tre",-0.0478219296783209,"FP",2,1
"tree602.tre",0.878530506975949,"FP",2,1
"tree603.tre",-1.40567225788254,"FP",2,1
"tree604.tre",-1.08975282555912,"FP",2,1
"tree605.tre",0.257891793968156,"FP",2,1
"tree606.tre",-0.00647912884596735,"FP",2,1
"tree607.tre",0.732967257732525,"FP",2,1
"tree608.tre",-0.0633946669986472,"FP",2,1
"tree609.tre",-0.1670965020312,"FP",2,1
"tree610.tre",-0.639335044310428,"FP",2,1
"tree611.tre",0.618826245423406,"FP",2,1
"tree612.tre",0.900766763603315,"FP",2,1
"tree613.tre",-0.335650138207711,"FP",2,1
"tree614.tre",0.655818428145722,"FP",2,1
"tree615.tre",0.806739356718026,"FP",2,1
"tree616.tre",-0.50887317257002,"FP",2,1
"tree617.tre",0.544499077019282,"FP",2,1
"tree618.tre",0.860096711781807,"FP",2,1
"tree619.tre",0.385670858900994,"FP",2,1
"tree620.tre",0.23546421690844,"FP",2,1
"tree621.tre",-0.0680557746673003,"FP",2,1
"tree622.tre",-1.02295261784457,"FP",2,1
"tree623.tre",0.661437509930693,"FP",2,1
"tree624.tre",0.348962775547989,"FP",2,1
"tree625.tre",-1.31314825534355,"FP",2,1
"tree626.tre",-0.12892510718666,"FP",2,1
"tree627.tre",-0.833132539177313,"FP",2,1
"tree628.tre",-1.39538005902432,"FP",2,1
"tree629.tre",-1.03812988300342,"FP",2,1
"tree630.tre",-0.815667332848534,"FP",2,1
"tree631.tre",0.665032988414168,"FP",2,1
"tree632.tre",-1.4194793094648,"FP",2,1
"tree633.tre",-0.441567311994731,"FP",2,1
"tree634.tre",0.835810661897995,"FP",2,1
"tree635.tre",-1.10608544643037,"FP",2,1
"tree636.tre",0.733535880804993,"FP",2,1
"tree637.tre",-1.40362914337311,"FP",2,1
"tree638.tre",0.371369440923445,"FP",2,1
"tree639.tre",-0.125768558704294,"FP",2,1
"tree640.tre",-0.60210486734286,"FP",2,1
"tree641.tre",0.587124805548228,"FP",2,1
"tree642.tre",-0.0655854269862175,"FP",2,1
"tree643.tre",0.0164226834895089,"FP",2,1
"tree644.tre",0.439558517187834,"FP",2,1
"tree645.tre",-0.112234417814761,"FP",2,1
"tree646.tre",0.609833054128103,"FP",2,1
"tree647.tre",-1.30043701129034,"FP",2,1
"tree648.tre",-1.48530664655846,"FP",2,1
"tree649.tre",-0.268853370565921,"FP",2,1
"tree650.tre",-0.758875389932655,"FP",2,1
"tree651.tre",-1.13944853050634,"FP",2,1
"tree652.tre",-1.2757940820884,"FP",2,1
"tree653.tre",-1.03195173409767,"FP",2,1
"tree654.tre",0.760563105228357,"FP",2,1
"tree655.tre",-1.37268697004765,"FP",2,1
"tree656.tre",-0.561851169681177,"FP",2,1
"tree657.tre",0.0165001893183216,"FP",2,1
"tree658.tre",-0.17154004808981,"FP",2,1
"tree659.tre",-0.213431123760529,"FP",2,1
"tree660.tre",-0.626211769762449,"FP",2,1
"tree661.tre",0.551935688941739,"FP",2,1
"tree662.tre",-0.253248982247896,"FP",2,1
"tree663.tre",-0.683748948271386,"FP",2,1
"tree664.tre",-1.45031696918886,"FP",2,1
"tree665.tre",-0.0418292012764141,"FP",2,1
"tree666.tre",0.715439606807195,"FP",2,1
"tree667.tre",-0.252110361820087,"FP",2,1
"tree668.tre",0.796467729029246,"FP",2,1
"tree669.tre",-0.831497230450623,"FP",2,1
"tree670.tre",0.628886806895025,"FP",2,1
"tree671.tre",0.817890301928855,"FP",2,1
"tree672.tre",-0.436685919179581,"FP",2,1
"tree673.tre",0.901031342451461,"FP",2,1
"tree674.tre",-1.02910799940582,"FP",2,1
"tree675.tre",-0.13154100428801,"FP",2,1
"tree676.tre",-1.36948350910097,"FP",2,1
"tree677.tre",-0.448478141683154,"FP",2,1
"tree678.tre",-1.20275475934613,"FP",2,1
"tree679.tre",-0.924400833086111,"FP",2,1
"tree680.tre",0.715687910211273,"FP",2,1
"tree681.tre",0.268754674121737,"FP",2,1
"tree682.tre",-0.127072823583148,"FP",2,1
"tree683.tre",0.480536318733357,"FP",2,1
"tree684.tre",-0.911344900727272,"FP",2,1
"tree685.tre",-0.231121526798233,"FP",2,1
"tree686.tre",-1.48562300985213,"FP",2,1
"tree687.tre",-1.33103706908878,"FP",2,1
"tree688.tre",0.870302511844784,"FP",2,1
"tree689.tre",-0.721402861294337,"FP",2,1
"tree690.tre",-1.33167072932702,"FP",2,1
"tree691.tre",-0.528746306430548,"FP",2,1
"tree692.tre",-1.45540626579896,"FP",2,1
"tree693.tre",0.186784173944034,"FP",2,1
"tree694.tre",0.696742518572137,"FP",2,1
"tree695.tre",0.544090662966482,"FP",2,1
"tree696.tre",-0.730028652236797,"FP",2,1
"tree697.tre",0.784983865683898,"FP",2,1
"tree698.tre",0.271672369795851,"FP",2,1
"tree699.tre",-0.351173156290315,"FP",2,1
"tree700.tre",-1.40603260870557,"FP",2,1
"tree701.tre",-0.509237558930181,"FP",2,1
"tree702.tre",0.649590188637376,"FP",2,1
"tree703.tre",-0.194493988296017,"FP",2,1
"tree704.tre",-1.45429422706366,"FP",2,1
"tree705.tre",0.738562674028799,"FP",2,1
"tree706.tre",-1.49749252165202,"FP",2,1
"tree707.tre",0.556235817726701,"FP",2,1
"tree708.tre",-1.22008488606662,"FP",2,1
"tree709.tre",0.652432355796918,"FP",2,1
"tree710.tre",-0.364199009840377,"FP",2,1
"tree711.tre",-0.0425450484035537,"FP",2,1
"tree712.tre",-1.28880408627447,"FP",2,1
"tree713.tre",-1.37475207366515,"FP",2,1
"tree714.tre",0.209538711584173,"FP",2,1
"tree715.tre",-1.17671766120475,"FP",2,1
"tree716.tre",-0.891582452808507,"FP",2,1
"tree717.tre",0.849092275835574,"FP",2,1
"tree718.tre",0.810003546299413,"FP",2,1
"tree719.tre",-0.0194715007673949,"FP",2,1
"tree720.tre",0.382876940653659,"FP",2,1
"tree721.tre",-0.0382682952331379,"FP",2,1
"tree722.tre",-1.14973345049657,"FP",2,1
"tree723.tre",0.250444307690486,"FP",2,1
"tree724.tre",-0.0193228116258979,"FP",2,1
"tree725.tre",0.00445245264563709,"FP",2,1
"tree726.tre",-1.03653944423422,"FP",2,1
"tree727.tre",0.242586023174226,"FP",2,1
"tree728.tre",-0.326153424452059,"FP",2,1
"tree729.tre",0.407827262766659,"FP",2,1
"tree730.tre",-0.172849422437139,"FP",2,1
"tree731.tre",-1.292239429662,"FP",2,1
"tree732.tre",0.318946845596656,"FP",2,1
"tree733.tre",0.291306615341455,"FP",2,1
"tree734.tre",-0.708176806569099,"FP",2,1
"tree735.tre",0.332807831233367,"FP",2,1
"tree736.tre",-1.34197823156137,"FP",2,1
"tree737.tre",0.746767532196827,"FP",2,1
"tree738.tre",0.250959964119829,"FP",2,1
"tree739.tre",0.215202408959158,"FP",2,1
"tree740.tre",-0.504100156598724,"FP",2,1
"tree741.tre",-1.01757025788538,"FP",2,1
"tree742.tre",-0.362034283811226,"FP",2,1
"tree743.tre",-0.203354569734074,"FP",2,1
"tree744.tre",0.542063941480592,"FP",2,1
"tree745.tre",-0.727592048118822,"FP",2,1
"tree746.tre",0.760743929073215,"FP",2,1
"tree747.tre",0.208730453392491,"FP",2,1
"tree748.tre",0.0597130235983059,"FP",2,1
"tree749.tre",0.213437060825527,"FP",2,1
"tree750.tre",-0.406818408868276,"FP",2,1
"tree751.tre",-0.751369760022499,"FP",2,1
"tree752.tre",-0.939537785947323,"FP",2,1
"tree753.tre",-1.04406383389141,"FP",2,1
"tree754.tre",-0.987843244569376,"FP",2,1
"tree755.tre",0.405133964028209,"FP",2,1
"tree756.tre",-0.607045943965204,"FP",2,1
"tree757.tre",0.291433168109506,"FP",2,1
"tree758.tre",-1.26311210426502,"FP",2,1
"tree759.tre",0.912193327909335,"FP",2,1
"tree760.tre",0.138165652402677,"FP",2,1
"tree761.tre",-0.0474079113919288,"FP",2,1
"tree762.tre",0.735906171845272,"FP",2,1
"tree763.tre",0.780890175024979,"FP",2,1
"tree764.tre",-1.30217851873022,"FP",2,1
"tree765.tre",-0.595846058335155,"FP",2,1
"tree766.tre",0.965079952962697,"FP",2,1
"tree767.tre",-1.37929720373359,"FP",2,1
"tree768.tre",0.787402683286928,"FP",2,1
"tree769.tre",0.361240751459263,"FP",2,1
"tree770.tre",-0.710246519651264,"FP",2,1
"tree771.tre",0.37235921388492,"FP",2,1
"tree772.tre",-0.551564400433563,"FP",2,1
"tree773.tre",0.991701368708163,"FP",2,1
"tree774.tre",-0.200535368407145,"FP",2,1
"tree775.tre",0.968393757008016,"FP",2,1
"tree776.tre",-1.21981547947507,"FP",2,1
"tree777.tre",0.393965984345414,"FP",2,1
"tree778.tre",-1.32839677250013,"FP",2,1
"tree779.tre",0.785656292224303,"FP",2,1
"tree780.tre",-1.49675113300327,"FP",2,1
"tree781.tre",-0.668398377369158,"FP",2,1
"tree782.tre",-1.09735596901737,"FP",2,1
"tree783.tre",0.322211387916468,"FP",2,1
"tree784.tre",-1.07229260995518,"FP",2,1
"tree785.tre",-1.4111220240593,"FP",2,1
"tree786.tre",0.879408605629578,"FP",2,1
"tree787.tre",0.398720374447294,"FP",2,1
"tree788.tre",0.848714222898707,"FP",2,1
"tree789.tre",-0.601470408495516,"FP",2,1
"tree790.tre",0.79177123925183,"FP",2,1
"tree791.tre",0.168932292959653,"FP",2,1
"tree792.tre",-0.215994791709818,"FP",2,1
"tree793.tre",0.456827467074618,"FP",2,1
"tree794.tre",-0.168214979115874,"FP",2,1
"tree795.tre",-0.882315337425098,"FP",2,1
"tree796.tre",-0.315112273441628,"FP",2,1
"tree797.tre",0.511509608710185,"FP",2,1
"tree798.tre",0.261300785583444,"FP",2,1
"tree799.tre",-0.59708738385234,"FP",2,1
"tree800.tre",0.715222875820473,"FP",2,1
"tree801.tre",0.648797032423317,"FP",2,1
"tree802.tre",-0.49954836757388,"FP",2,1
"tree803.tre",-0.252361264778301,"FP",2,1
"tree804.tre",0.663700044620782,"FP",2,1
"tree805.tre",-0.368787682731636,"FP",2,1
"tree806.tre",-1.36587615276221,"FP",2,1
"tree807.tre",0.0555571892764419,"FP",2,1
"tree808.tre",0.220690918737091,"FP",2,1
"tree809.tre",-1.22189513908233,"FP",2,1
"tree810.tre",-1.25091609521769,"FP",2,1
"tree811.tre",0.835910257534124,"FP",2,1
"tree812.tre",-0.227900359663181,"FP",2,1
"tree813.tre",0.457774961483665,"FP",2,1
"tree814.tre",-0.483774200896733,"FP",2,1
"tree815.tre",-0.997954584076069,"FP",2,1
"tree816.tre",-0.291141792316921,"FP",2,1
"tree817.tre",-0.404917813488282,"FP",2,1
"tree818.tre",0.570410831365734,"FP",2,1
"tree819.tre",0.0350040828343481,"FP",2,1
"tree820.tre",0.917091589304619,"FP",2,1
"tree821.tre",-0.252948599285446,"FP",2,1
"tree822.tre",-0.351196986506693,"FP",2,1
"tree823.tre",-0.714733772678301,"FP",2,1
"tree824.tre",-0.13979970687069,"FP",2,1
"tree825.tre",-0.289203317137435,"FP",2,1
"tree826.tre",0.3061160040088,"FP",2,1
"tree827.tre",0.589724919642322,"FP",2,1
"tree828.tre",-0.938558195251971,"FP",2,1
"tree829.tre",0.67493767500855,"FP",2,1
"tree830.tre",-1.19698652334046,"FP",2,1
"tree831.tre",0.748506835312583,"FP",2,1
"tree832.tre",0.863441397901624,"FP",2,1
"tree833.tre",0.782608425593935,"FP",2,1
"tree834.tre",0.133328397292644,"FP",2,1
"tree835.tre",-0.592582003213465,"FP",2,1
"tree836.tre",-1.23079731920734,"FP",2,1
"tree837.tre",0.526872507994995,"FP",2,1
"tree838.tre",-0.343178112292662,"FP",2,1
"tree839.tre",-0.658684646827169,"FP",2,1
"tree840.tre",-4.4096726924181e-05,"FP",2,1
"tree841.tre",0.549225516966544,"FP",2,1
"tree842.tre",-0.516580953029916,"FP",2,1
"tree843.tre",-1.07681831438094,"FP",2,1
"tree844.tre",0.447403709054925,"FP",2,1
"tree845.tre",-0.658938344335184,"FP",2,1
"tree846.tre",-0.842519090278074,"FP",2,1
"tree847.tre",-1.41781201853883,"FP",2,1
"tree848.tre",-0.620915209059604,"FP",2,1
"tree849.tre",0.632527053472586,"FP",2,1
"tree850.tre",0.534356945659965,"FP",2,1
"tree851.tre",-0.858006363618188,"FP",2,1
"tree852.tre",-1.1843606774928,"FP",2,1
"tree853.tre",0.750020868959837,"FP",2,1
"tree854.tre",-0.620974152465351,"FP",2,1
"tree855.tre",0.876675825216807,"FP",2,1
"tree856.tre",-0.912088300450705,"FP",2,1
"tree857.tre",0.407528029405512,"FP",2,1
"tree858.tre",-0.283350443118252,"FP",2,1
"tree859.tre",0.993714313604869,"FP",2,1
"tree860.tre",-0.226278927060775,"FP",2,1
"tree861.tre",-0.928653841023333,"FP",2,1
"tree862.tre",-0.086462851963006,"FP",2,1
"tree863.tre",0.463201851467602,"FP",2,1
"tree864.tre",-1.11654148995876,"FP",2,1
"tree865.tre",0.0250057791126892,"FP",2,1
"tree866.tre",-1.24857867928222,"FP",2,1
"tree867.tre",-1.49152662407141,"FP",2,1
"tree868.tre",0.645032935659401,"FP",2,1
"tree869.tre",0.521888857707381,"FP",2,1
"tree870.tre",0.919260336318985,"FP",2,1
"tree871.tre",-0.65850862453226,"FP",2,1
"tree872.tre",-0.131662089028396,"FP",2,1
"tree873.tre",-1.10958659881726,"FP",2,1
"tree874.tre",0.829428802477196,"FP",2,1
"tree875.tre",0.2960522841895,"FP",2,1
"tree876.tre",-1.02319363947026,"FP",2,1
"tree877.tre",-0.182660800986923,"FP",2,1
"tree878.tre",-0.712975492700934,"FP",2,1
"tree879.tre",0.951989797409624,"FP",2,1
"tree880.tre",-0.537894010543823,"FP",2,1
"tree881.tre",0.848548938171007,"FP",2,1
"tree882.tre",0.475848589208908,"FP",2,1
"tree883.tre",0.882948028389364,"FP",2,1
"tree884.tre",0.383670163224451,"FP",2,1
"tree885.tre",-1.29242188099306,"FP",2,1
"tree886.tre",-0.554419448948465,"FP",2,1
"tree887.tre",-0.561669629300013,"FP",2,1
"tree888.tre",0.193534197402187,"FP",2,1
"tree889.tre",-0.516884457087144,"FP",2,1
"tree890.tre",-0.0187138029141352,"FP",2,1
"tree891.tre",0.773159959586337,"FP",2,1
"tree892.tre",-1.22033785888925,"FP",2,1
"tree893.tre",-1.03868587617762,"FP",2,1
"tree894.tre",-0.612522160285152,"FP",2,1
"tree895.tre",-0.0734666639473289,"FP",2,1
"tree896.tre",0.454974346444942,"FP",2,1
"tree897.tre",0.308847332140431,"FP",2,1
"tree898.tre",-0.922211850760505,"FP",2,1
"tree899.tre",0.212450517807156,"FP",2,1
"tree900.tre",0.194070580415428,"FP",2,1
"tree901.tre",0.242868616129272,"FP",2,1
"tree902.tre",-0.622479085926898,"FP",2,1
"tree903.tre",-1.4885680177249,"FP",2,1
"tree904.tre",-0.901484738918953,"FP",2,1
"tree905.tre",-0.479326168191619,"FP",2,1
"tree906.tre",-0.431291272165254,"FP",2,1
"tree907.tre",-0.437927481601946,"FP",2,1
"tree908.tre",0.834057983825915,"FP",2,1
"tree909.tre",-0.889212359092198,"FP",2,1
"tree910.tre",-0.678319968632422,"FP",2,1
"tree911.tre",0.865174473379739,"FP",2,1
"tree912.tre",-1.18420200864784,"FP",2,1
"tree913.tre",-0.711505128187127,"FP",2,1
"tree914.tre",-1.00881428434514,"FP",2,1
"tree915.tre",0.875004655332305,"FP",2,1
"tree916.tre",-0.595108953188173,"FP",2,1
"tree917.tre",-1.05084398854524,"FP",2,1
"tree918.tre",-1.02597895171493,"FP",2,1
"tree919.tre",0.85198090900667,"FP",2,1
"tree920.tre",0.793350754189305,"FP",2,1
"tree921.tre",0.891171513590962,"FP",2,1
"tree922.tre",-1.34417270869017,"FP",2,1
"tree923.tre",0.516523947240785,"FP",2,1
"tree924.tre",0.584315567044541,"FP",2,1
"tree925.tre",-0.804984120535664,"FP",2,1
"tree926.tre",-1.39932245633099,"FP",2,1
"tree927.tre",0.635756929055788,"FP",2,1
"tree928.tre",0.90686439559795,"FP",2,1
"tree929.tre",-0.714642394217663,"FP",2,1
"tree930.tre",-0.081818969687447,"FP",2,1
"tree931.tre",-1.32941114634741,"FP",2,1
"tree932.tre",0.0816783375339583,"FP",2,1
"tree933.tre",-0.591750779189169,"FP",2,1
"tree934.tre",0.155926532112062,"FP",2,1
"tree935.tre",-0.53774184465874,"FP",2,1
"tree936.tre",0.87521298462525,"FP",2,1
"tree937.tre",-0.0674342728452757,"FP",2,1
"tree938.tre",0.638036447577178,"FP",2,1
"tree939.tre",0.142110223765485,"FP",2,1
"tree940.tre",0.110835979809053,"FP",2,1
"tree941.tre",0.328251205733977,"FP",2,1
"tree942.tre",-0.587491926620714,"FP",2,1
"tree943.tre",-0.213755363132805,"FP",2,1
"tree944.tre",0.504469247185625,"FP",2,1
"tree945.tre",0.92877556825988,"FP",2,1
"tree946.tre",-1.09101609478239,"FP",2,1
"tree947.tre",-1.25085979211144,"FP",2,1
"tree948.tre",-0.348344257567078,"FP",2,1
"tree949.tre",-1.37110310408752,"FP",2,1
"tree950.tre",-0.697358120582066,"FP",2,1
"tree951.tre",-1.37292936420999,"FP",2,1
"tree952.tre",0.178085212479346,"FP",2,1
"tree953.tre",-1.41392210649792,"FP",2,1
"tree954.tre",0.37073401582893,"FP",2,1
"tree955.tre",-0.374519894015975,"FP",2,1
"tree956.tre",0.0727894945302978,"FP",2,1
"tree957.tre",0.0436557057546452,"FP",2,1
"tree958.tre",-0.646324037574232,"FP",2,1
"tree959.tre",0.585920216632076,"FP",2,1
"tree960.tre",0.478145561879501,"FP",2,1
"tree961.tre",-0.815345496870577,"FP",2,1
"tree962.tre",-0.731949106324464,"FP",2,1
"tree963.tre",0.484636786510237,"FP",2,1
"tree964.tre",-0.0892548644915223,"FP",2,1
"tree965.tre",-0.721359264920466,"FP",2,1
"tree966.tre",-0.26225198910106,"FP",2,1
"tree967.tre",-0.755419953842647,"FP",2,1
"tree968.tre",0.298881173017435,"FP",2,1
"tree969.tre",0.941036712261848,"FP",2,1
"tree970.tre",0.95025395823177,"FP",2,1
"tree971.tre",0.676304114982486,"FP",2,1
"tree972.tre",0.52796938305255,"FP",2,1
"tree973.tre",-0.107261705910787,"FP",2,1
"tree974.tre",-1.36080181959551,"FP",2,1
"tree975.tre",-0.470716746989638,"FP",2,1
"tree976.tre",0.636705173179507,"FP",2,1
"tree977.tre",0.563917485065758,"FP",2,1
"tree978.tre",-1.28431587631349,"FP",2,1
"tree979.tre",-0.225875444943085,"FP",2,1
"tree980.tre",-0.227591616334394,"FP",2,1
"tree981.tre",0.761943145422265,"FP",2,1
"tree982.tre",-1.05505456717219,"FP",2,1
"tree983.tre",0.715977965970524,"FP",2,1
"tree984.tre",0.546299958601594,"FP",2,1
"tree985.tre",0.857971215387806,"FP",2,1
"tree986.tre",0.809754962916486,"FP",2,1
"tree987.tre",-0.596132873673923,"FP",2,1
"tree988.tre",-0.372360159293748,"FP",2,1
"tree989.tre",0.157312802853994,"FP",2,1
"tree990.tre",0.366410223883577,"FP",2,1
"tree991.tre",0.483245623414405,"FP",2,1
"tree992.tre",-1.39066628622822,"FP",2,1
"tree993.tre",0.25825833925046,"FP",2,1
"tree994.tre",-0.847463828744367,"FP",2,1
"tree995.tre",0.376450743875466,"FP",2,1
"tree996.tre",-0.482846698490903,"FP",2,1
"tree997.tre",-0.97468173224479,"FP",2,1
"tree998.tre",-0.406159077305347,"FP",2,1
"tree999.tre",0.60396088717971,"FP",2,1
